id,heading,publisher
1,Migrant workers deserve state support,Fairfax
2,Celebrating the migrant mosaic,News
3,IT’S HOW CHINA WOULD REACT,News
4,Balance needed on new gig worker laws,Fairfax
5,Chinese Australians' key role in virus fight,Fairfax
6,Too soon to talk about silver linings?,Fairfax
7,Battle against power and glory,Fairfax
8,Bear of racism too easily roused,Fairfax
9,Black players a beacon of hope for kids,Fairfax
10,Pathfinder' is treading a fine line,Fairfax
11,"Policing is a service, not a force",Fairfax
12,The time has come for a reckoning,Fairfax
13,Time to heed cry for justice,Fairfax
14,Toppling statues challenges history,Fairfax
15,Here's why Black Lives Matter resonates,Others
16,Deadly gang hatred needs real response,News
17,Let’s tear it all down at the dawn of Great Awokening,News
18,POLITICS HAS DROWNED OUT THE DEATH OF A BLACK MAN,News
19,RACE PANIC GOES TO NEXT LEVEL,News
20,Spare me racism lectures from ABC,News
21,the Advertiser Hard times in US worsened by anarchy,News
22,The Advertiser Respect for all,News
23,"FROM BLACK LIVES TO SPORT, WE’RE HIGH ON INEQUALITY",News
24,NOW TAKE ACTION ON RACISM,News
25,Race hustle is powering up,News
26,Race politics spurs spread,News
27,The Advertiser SA Award winners show the best of us,News
28,TWIGGY DESCRIBES AN AUSTRALIA WE DON’T KNOW,News
29,WEAK GLORIFIED IN OUR CULTURE,News
30,"Clear, strong policies needed to take racism out of the game",Others
31,IR package favours business flexibility,Fairfax
32,Public housing tenants must be heeded,Fairfax
33,The people demand refugees be helped,Fairfax
34,Curfew must offer plan for those with no choice,Fairfax
35,How to fill the tradie skills gap: women,Fairfax
36,A blanket ban on phones in detention is unacceptable,Others
37,It's time to stop demonising the social security system,Others
38,"Breaking the culture of dependency, entitlement",News
39,Vulnerable need help in recovery,News
40,Culture and domestic violence,News
41,CULTURE TO BLAME FOR MUCH OF THIS FAMILY VIOLENCE,News
42,One word makes a difference,News
43,A national health problem tougher than COVID-19,Fairfax
44,A paedophile supporter gets OA award,Fairfax
45,A strong message on youth detention,Fairfax
46,Action on ambulance claims took far too long,Fairfax
47,All areas of sport need more women,Fairfax
48,Ardern's catch of the day: her partner's support,Fairfax
49,Arndt's Order of Australia demeans the awards,Fairfax
50,Be alert and alarmed about boys' role models,Fairfax
51,Bettina Arndt should return Order of Australia,Fairfax
52,Big donations reap sweet rewards,Fairfax
53,Breaking a vicious cycle,Fairfax
54,Bringing judges who behave badly to account,Fairfax
55,Budget a missed opportunity on sensitive issues,Fairfax
56,Challenges ahead on mental health,Fairfax
57,Continuing the fight for women's rights,Fairfax
58,Coronavirus risk more than biological,Fairfax
59,Courts need to get tougher on sex abuse,Fairfax
60,Dead hand of the state will be our JobKiller if we prolong it,Fairfax
61,"Depp, Heard and the deterrence factor",Fairfax
62,Disabled must not bear cost of hit to budget surplus,Fairfax
63,Don't play tricks with the NDIS,Fairfax
64,Everyone wins with new social housing,Fairfax
65,"Fierce, fabulous and flawed",Fairfax
66,Fiscal stimulus key to stem jobless increase,Fairfax
67,Former Liberal staffer laments her silence,Fairfax
68,Foundation for recovery comes at a bearable cost,Fairfax
69,From 'no case' to $1.2 billion settlement: How robo-debt scheme went so wrong,Fairfax
70,Good social housing needs more than millions,Fairfax
71,Here we go again - sacrificing the heart and soul of our city,Fairfax
72,Hidden figures mask jobs horror,Fairfax
73,I tried ice aged 63 and got addicted,Fairfax
74,"Investing in public housing, and lives",Fairfax
75,It's taken far too long to rectify robo-debt,Fairfax
76,Job path is an uphill struggle,Fairfax
77,Jobless sole parents face cash crux,Fairfax
78,Make visible to justice women's hidden hell,Fairfax
79,Male champions with an image problem,Fairfax
80,Missing middle' leaves too many in the dark,Fairfax
81,No Australian life is expendable,Fairfax
82,Older people's lives shouldn't count less,Fairfax
83,Patching over a culture problem,Fairfax
84,Paternity leave a path to equality,Fairfax
85,Pension for all? Seniors call to scrap means test,Fairfax
86,"Raise wages, help recovery",Fairfax
87,Reconciliation at heart of issue,Fairfax
88,Rising inequality can't be ignored,Fairfax
89,Ryan's optimism and vision sorely needed today,Fairfax
90,Shore challenges won't earn entry to adult world,Fairfax
91,Single parents now at risk of serious hardship,Fairfax
92,Slow and steady on post-virus cutbacks,Fairfax
93,So JobKeeper stays. Then what?,Fairfax
94,Social housing boost deserves praise,Fairfax
95,Staged return fails the test for HSC students,Fairfax
96,Terrific coach - may women succeed him,Fairfax
97,The good news on police and family violence,Fairfax
98,The great Australian betrayal,Fairfax
99,The hardest thing Morrison will ever do comes next,Fairfax
100,The planet's greatest human rights violation is men harming women,Fairfax
101,The rights older workers don't know they have,Fairfax
102,Timely moves to ease legal burden on abuse victims,Fairfax
103,Too much banking is bad for you,Fairfax
104,True leadership means not turning a blind eye,Fairfax
105,We have a lethal 'bloke blindspot',Fairfax
106,We must get our mojo working,Fairfax
107,We must get women back to work,Fairfax
108,Weinstein verdict is ultimately an unsatisfactory victory,Fairfax
109,Weinstein's lawyer gives the saddest defence of sexual assault,Fairfax
110,"Women are losing ground, not holding it",Fairfax
111,Women key to economic recovery,Fairfax
112,Words that hurt: What's in a name?,Fairfax
113,A signpost to Victoria's conflicted past,Fairfax
114,A special Sydney place shows why history matters,Fairfax
115,Anthem in Dharug nation-changing,Fairfax
116,Appointment reveals board's tin ear,Fairfax
117,Australia is not immune from US-style tension,Fairfax
118,Bad name for new airport won't fly,Fairfax
119,Band of brothers: Aboriginal men and veterans form an unlikely bond in the face of trauma,Fairfax
120,Cathy Freeman gave us more than gold,Fairfax
121,Chill wind blows around icons frozen in time,Fairfax
122,Closing the gap needs real reform,Fairfax
123,Cook events should carry Indigenous voice,Fairfax
124,Day of reckoning for the nation,Fairfax
125,Drug use not just an inner-city issue,Fairfax
126,Ensuring protesters tread a safe path,Fairfax
127,Equality doesn't apply in quarantine,Fairfax
128,First Peoples sing with one voice - at last the NRL hears,Fairfax
129,How to cut Indigenous prison rates - fast,Fairfax
130,"If you can't hear her, she'll work even harder",Fairfax
131,Indigenous women at high risk in crisis,Fairfax
132,Jailing is failing: Sydney doesn't need a new one,Fairfax
133,Missing the target,Fairfax
134,Navigating the tensions of the past,Fairfax
135,Need for accountability on robo-debt,Fairfax
136,New Closing the Gap agreement won't deliver,Fairfax
137,Public drunkenness is not a crime,Fairfax
138,Retirees have a right to enjoy the roses,Fairfax
139,The gaping hole that widens the gap: housing,Fairfax
140,"The law betrays the lore, so we'll destroy it again",Fairfax
141,"To close this shameful chasm, PM, first you'll need to hear our Voice",Fairfax
142,Tradition can take us forward,Fairfax
143,Traditional ways can take us forward,Fairfax
144,Unheard voices become riotous roars,Fairfax
145,Vincent Namatjira's win is a great Archibald story,Fairfax
146,Violence and death at end of long chain,Fairfax
147,We know what needs to be done,Fairfax
148,What it will take to make Black Lives Matter,Fairfax
149,Which team are you on with racism?,Fairfax
150,Wrestling with history of the victors,Fairfax
151,A real chance to address mental health,Others
152,Can we work towards a V-shaped educational recovery?,Others
153,Equal representation first step on path to necessary changes,Others
154,It's time for a royal commission,Others
155,Prison is rarely just about the time served,Others
156,This crash has hurt women most,Others
157,Who decides who gets the gongs?,Others
158,"Why do we blame the jobless, but not greedy CEOs?",Others
159,A better way than just locking up,Others
160,"As we reflect on Black Lives Matter, justice reinvestment shows there can be a better way",Others
161,Employment numbers don't stack up,Others
162,"If you want to put children first, register social workers",Others
163,Let's call it a wrap on the shocker of a year that was 2020,Others
164,Stop taking away Indigenous kids,Others
165,The time for a new future is here,Others
166,A jobs survey provides hope of a faster recovery,News
167,Albanese’s budget speech blues far from in the pink,News
168,"BALL IS IN PREMIERS’ COURT: WE MUST REOPEN, AND QUICKLY",News
169,BLEAK TIMES BLEAKER STILL FOR THE YOUNG,News
170,BLUE-COLLAR JOBS ARE WORTHY TOO,News
171,Compelling story shines a light,News
172,DEFECTS IN JOBS FOR ALL,News
173,EDITOR'S LETTER,News
174,Fairness is another casualty,News
175,Flattening curve while not obliterating our economy,News
176,GOLD-PLATED OPPORTUNITY IN OUR LITIGATION NATION,News
177,"Great in a crisis, Australia cannot lose it in recovery",News
178,Herald Sun,News
179,Herald Sun,News
180,HOW MUCH OF OUR VILLAGE DO WE BURN TO CONTAIN THIS?,News
181,IS SOCIAL HOUSING WORTH THE COST?,News
182,Learning harsh economic lessons during pandemic,News
183,Lives matter too much to be put at risk by protesters,News
184,MANAGE RISK FOR SOCIETY’S REWARD,News
185,ONLINE CHILD SEX ABUSE SHAMES US,News
186,PAYING UP WILL PAY OFF,News
187,PERHAPS OUR AGED-CARE SYSTEM IS NOT IN SO MUCH CRISIS,News
188,STREWTH,News
189,SUPER CHANCE FOR A POLICY RETHINK,News
190,Swans send message with Taylor stance,News
191,"The Advertiser A time for answers, not excuses",News
192,The Advertiser Celebrate AFLW,News
193,The Advertiser Find the facts to stop more awful deaths,News
194,The Advertiser Human face of terrible abandonment,News
195,The Advertiser Job figures drive home big challenge,News
196,The Advertiser Never turn a blind eye to violence,News
197,The Advertiser Take positive action to beat hidden crisis,News
198,THERE’S A CATCH WITH THE EQUAL PAY PITCH,News
199,Tiny wage is not a good look,News
200,TREASURER’S CREDIBILITY JUST WENT BACKWARDS BY $60BN,News
201,VIOLENCE MESSAGE IS ALL TALK,News
202,"Wake up, Australia, there will be no easy snapback",News
203,A squabble about indigenous identity has brought one of the key participants undone,News
204,A voice for First Nations should be beyond the reach of the judiciary,News
205,ABC IGNORES RACE TRUTHS,News
206,Abuse in WA must be stopped,News
207,Activist High Court takes nation into tricky territory,News
208,Activist majority’s alien view of judicial power,News
209,Deadly menace of family violence must be quelled,News
210,FOOLISH RULING WIDENS INDIGENOUS GAP INTO A CHASM,News
211,Footy can take lead from NRL,News
212,"IF SEPARATISM IS SUCH MISERY, DO WE TRY INTEGRATION?",News
213,Indigenous ready to take initiatives to close the gap,News
214,INDIGENOUS VOICE WILL BE HEARD LOUD AND PROUD,News
215,Just change one word and let us move on to real reform,News
216,LEFT IS FIGHTING TO CONTROL OUR HIGH COURT,News
217,LET’S NEVER CONCEDE TO THE MORAL MATRIX OF THE TRIBE,News
218,LET’S SLASH INDIGENOUS SENTENCES BY A QUARTER,News
219,LET’S WORK FOR INDIGENOUS JOBS,News
220,Looking out for the most vulnerable in community,News
221,Prison stems from disadvantage and entrenches it,News
222,Reopening schools a milestone,News
223,Rio cops fallout of caves error,News
224,The Advertiser Sign of the times,News
225,THIS IS THE LAW I KNOW,News
226,TIDE TURNS ON WAVE OF ALCOHOL-BASED ABUSE WHEN ACCESS IS RESTRICTED,News
227,TRUTH IS KEPT LOCKED UP,News
228,U.S. BURNS BUT WE JUST TURN AWAY,News
229,WE NEED TO TURN OUR RESEARCH EYES TOWARD HOME MUCH MORE OFTEN,News
230,WHERE ARE ALL THE DOLLARS STOLEN FROM ABORIGINES?,News
231,WHY DROP THE BALL ON OUR KEY INDIGENOUS TARGETS?,News
232,Bloody past still unresolved,Others
233,Diversity is not a priority,News
234,No reason to go soft on hate,Fairfax
235,We need to stop being bystanders,Fairfax
236,IDEALISM IS HATRED IN DISGUISE,News
237,"In grim times, we need all our wits, not word games",News
238,"ONCE AGAIN, BILL MISSES THE MARK",News
239,Populate and perish? At last Australia stands up to those migrants we just don’t need,News
240,Religious freedom bill a nightmare for employers,Fairfax
241,Hating women online - a refuge of scoundrels,Fairfax
242,Young Australians taking a hard look at political world,Fairfax
243,Taxpayer-funded priests - should that really be allowed?,Others
244,ALBO AND LABOR IN A CORNER,News
245,CALIFORNIA DREAMIN’? MORE AN IDENTITY-QUOTA TERROR,News
246,LEFT’S VIEW SHOWS IT’S TIME FOR ANOTHER LABOR SPLIT,News
247,"Got a sensible idea for communal harmony? Who cares, we’ve got critical race theory",News
248,Cutting the roots of family violence,Fairfax
249,"Dear J.K. Rowling, let's end this toxic 'debate'",Fairfax
250,Women's rights make men worry - and the problem is?,Fairfax
251,Survival or death-by-stupid: your choice Straya,Fairfax
252,The benefits of gender equality are more than theoretical,Others
253,They’re all getting in on the act,News
254,"Flawed bill is a weapon, not a shield",Fairfax
255,Bill is likely to backfire on Christians,Fairfax